<?xml version="1.0" encoding="UTF-8"?>
<project-private xmlns="http://www.netbeans.org/ns/project-private/1">
    <editor-bookmarks xmlns="http://www.netbeans.org/ns/editor-bookmarks/2" lastBookmarkId="0"/>
    <open-files xmlns="http://www.netbeans.org/ns/projectui-open-files/2">
        <group>
            <file>file:/C:/Users/erick/OneDrive/Documentos/GitHub/Repositorios/Algoritmo-e-Estrutura-de-Dados-II/AEDS%20II/AGM/src/ArvoreGeradoraMinima/FPHeapMinIndireto.java</file>
            <file>file:/C:/Users/erick/OneDrive/Documentos/GitHub/Repositorios/Algoritmo-e-Estrutura-de-Dados-II/AEDS%20II/AGM/src/ArvoreGeradoraMinima/XGrafo.java</file>
            <file>file:/C:/Users/erick/OneDrive/Documentos/GitHub/Repositorios/Algoritmo-e-Estrutura-de-Dados-II/AEDS%20II/AGM/src/ArvoreGeradoraMinima/AgmPrim.java</file>
            <file>file:/C:/Users/erick/OneDrive/Documentos/GitHub/Repositorios/Algoritmo-e-Estrutura-de-Dados-II/AEDS%20II/AGM/src/Teste/Teste.java</file>
        </group>
    </open-files>
</project-private>
